申請日,申請種別,姓,名
2021/03/01,更新,松島,結子
2021/03/01,新規,畑,大五郎
2021/03/01,新規,皆川,真悠子
2021/03/01,更新,柳田,朝香
2021/03/01,更新,成瀬,かおり
2021/03/02,更新,末吉,愛菜
2021/03/02,新規,北村,薫
2021/03/02,更新,野上,朝陽
2021/03/02,新規,成海,千夏
2021/03/02,更新,香椎,晃司
2021/03/02,新規,豊原,朝陽
2021/03/02,更新,藤井,勇一
2021/03/02,更新,梅沢,亮
2021/03/02,新規,阿部,あさみ
2021/03/03,新規,尾形,貴嶺
2021/03/03,更新,江川,洋
2021/03/03,更新,浅沼,竜也
2021/03/03,更新,浦野,莉央
2021/03/03,更新,小寺,光洋
2021/03/03,新規,吉田,勝久
2021/03/03,更新,宮坂,健
2021/03/03,更新,中野,光洋
2021/03/04,新規,小宮,えみ
2021/03/04,更新,吉沢,隼士
2021/03/04,更新,村松,広子
2021/03/04,新規,木本,恵美
2021/03/04,更新,篠田,隆之介
2021/03/05,更新,阿井,まみ
2021/03/05,更新,榎本,竜也
2021/03/05,更新,北山,恵梨香
2021/03/05,新規,上田,あさみ
2021/03/06,新規,松岡,丈雄
2021/03/06,新規,出口,慶二
2021/03/06,更新,相川,光良
2021/03/06,更新,宮川,啓介
2021/03/07,新規,那須,みゆき
2021/03/07,更新,山崎,宏
2021/03/07,更新,綾瀬,奈月
2021/03/07,更新,富樫,みあ
2021/03/07,更新,奥,育子
2021/03/07,新規,神原,遥
2021/03/08,更新,坂野,光
2021/03/08,更新,石丸,結衣
2021/03/08,新規,相沢,ひろ子
2021/03/08,更新,堀口,フミヤ
2021/03/08,更新,新垣,洋
2021/03/08,更新,宮川,あさみ
2021/03/08,更新,河合,恵子
2021/03/08,新規,宮里,礼子
2021/03/09,新規,市村,翔子
2021/03/09,更新,森脇,砂羽
2021/03/09,更新,平良,礼子
2021/03/09,更新,吉井,真奈美
2021/03/10,新規,長浜,貴美子
2021/03/10,更新,入江,公顕
2021/03/10,更新,藤崎,まさみ
2021/03/10,更新,勝地,菊生
2021/03/10,更新,土田,ケンイチ
2021/03/11,新規,横田,雅彦
2021/03/11,新規,稲田,剛基
2021/03/11,新規,一木,一哉
2021/03/12,更新,佐久間,なぎさ
2021/03/13,更新,小林,恵梨香
2021/03/13,新規,安達,努
2021/03/13,更新,八十田,博明
2021/03/14,新規,越智,遥
2021/03/15,更新,福島,淳
2021/03/15,更新,平,えみ
2021/03/16,更新,宇佐美,寛治
2021/03/16,更新,湯浅,たまき
2021/03/16,新規,宮田,寛
2021/03/17,更新,玉田,昌代
2021/03/17,更新,畠山,涼
2021/03/17,新規,八十田,信輔
2021/03/17,更新,亀山,ジローラモ
2021/03/17,更新,小出,長利
2021/03/18,新規,瀬尾,広之
2021/03/18,新規,宮田,真奈美
2021/03/18,新規,秋葉,染五郎
2021/03/18,更新,根本,薫
2021/03/18,新規,関,勇太
2021/03/18,新規,宮迫,美優
2021/03/18,更新,北村,浩正
2021/03/19,更新,上野,みあ
2021/03/19,新規,野村,涼子
2021/03/19,更新,堀口,晃司
2021/03/19,新規,沢村,恵望子
2021/03/19,更新,大和,菜摘
2021/03/19,更新,谷川,弘也
2021/03/19,新規,福田,夏空
2021/03/19,新規,橋爪,直人
2021/03/20,更新,市川,法嗣
2021/03/20,更新,井田,洋介
2021/03/20,新規,高村,小百合
2021/03/20,新規,矢部,瞳
2021/03/20,更新,百瀬,恵梨香
2021/03/20,更新,織田,由宇
2021/03/20,新規,尾形,了
2021/03/21,更新,鳥居,昌代
2021/03/21,更新,松島,沙耶
2021/03/21,新規,奥村,薫
2021/03/21,更新,紺野,友香
2021/03/21,更新,熊沢,賢治
2021/03/21,更新,竹原,大五郎
2021/03/21,新規,三好,慶二
2021/03/21,更新,黒谷,慢太郎
2021/03/21,更新,足立,由樹
2021/03/21,新規,藤原,広之
2021/03/22,更新,大河内,遥
2021/03/22,更新,大川,圭
2021/03/22,更新,水口,由紀子
2021/03/22,新規,菅原,菊生
2021/03/22,更新,荻原,龍吉
2021/03/23,新規,小西,蒼甫
2021/03/23,新規,長尾,ひろみ
2021/03/23,更新,三浦,光臣
2021/03/23,新規,海音寺,あい
2021/03/23,新規,鶴田,満
2021/03/23,更新,園田,建
2021/03/23,更新,楠本,三省
2021/03/23,更新,曳舟,ノブヒコ
2021/03/23,更新,荒井,真一
2021/03/24,更新,小谷,璃奈子
2021/03/24,更新,大倉,未來
2021/03/24,更新,岸,綾
2021/03/24,更新,福田,昌代
2021/03/24,新規,河内,奈月
2021/03/24,新規,石渡,和久
2021/03/24,更新,後藤,鉄洋
2021/03/24,更新,大久保,くるみ
2021/03/25,新規,池畑,瞳
2021/03/25,更新,並木,徹平
2021/03/25,更新,相沢,勝久
2021/03/25,更新,末永,くるみ
2021/03/25,新規,邑野,優
2021/03/26,更新,井上,真吾
2021/03/26,新規,藤村,妃里
2021/03/26,更新,杉本,ヒカル
2021/03/26,更新,浦野,啓介
2021/03/27,新規,車,エリカ
2021/03/27,更新,ほしの,進
2021/03/27,新規,深谷,麻由子
2021/03/27,更新,高橋,美嘉
2021/03/27,更新,浦野,直人
2021/03/27,新規,岩城,豊
2021/03/28,更新,木原,大樹
2021/03/28,新規,内藤,染五郎
2021/03/28,更新,坂口,小雁
2021/03/28,新規,原,花緑
2021/03/28,新規,北村,ヒカル
2021/03/28,更新,山川,徹
2021/03/28,新規,高倉,奈央
2021/03/29,新規,中田,豊
2021/03/29,更新,戸田,あおい
2021/03/29,更新,北村,光洋
2021/03/29,新規,藤村,窈
2021/03/30,新規,内村,美嘉
2021/03/30,更新,大和田,くるみ
2021/03/30,新規,大田,米蔵
2021/03/30,更新,勝地,一哉
2021/03/30,新規,大平,ヒカル
2021/03/31,新規,本間,さやか
2021/03/31,新規,手塚,芽以
2021/03/31,更新,美輪,はるみ
2021/03/31,更新,葛西,満
2021/03/31,更新,草村,杏
2021/04/01,新規,梶原,光
2021/04/01,新規,広瀬,なつみ
2021/04/01,更新,伊崎,文世
2021/04/01,更新,会田,愛菜
2021/04/02,更新,原田,京子
2021/04/02,新規,原田,京子
2021/04/02,新規,八塚,茂
2021/04/02,更新,長谷川,研二
2021/04/02,新規,有田,瞬
2021/04/03,更新,島崎,聡
2021/04/03,新規,石川,基祐
2021/04/03,更新,水崎,みゆき
2021/04/03,更新,武藤,あさみ
2021/04/03,更新,沢野,哲三
2021/04/04,更新,柄本,フミヤ
2021/04/04,新規,高畑,恵子
